ONS_CENSUS_2011,Local.Authority,LA.type,LA_POPULATION,LA_AREA_HEC,CLA_16_17,CLA_16_24,CLA_18_24E06000001,Hartlepool,NA,92028,9386.11,,,E06000002,Middlesbrough,NA,138412,5387.47,,,E06000015,Derby,NA,248752,7803.11,,,E06000003,Redcar and Cleveland,NA,135177,24489.51,,,E06000004,Stockton-on-Tees,NA,191610,20393.06,,,E06000032,Luton,NA,203201,4335.33,,,E06000005,Darlington,NA,105564,19747.51,,,E06000006,Halton,Unitary,125746,7909.52,,18,E07000095,Broxbourne,NA,93609,5143.56,,,E06000007,Warrington,Unitary,202228,18065.39,44,,65E06000008,Blackburn with Darwen,Unitary,147489,13701.18,65,,363E06000009,Blackpool,NA,142065,3488.1,,,E06000010,"Kingston upon Hull, City of",NA,256406,7144.92,,,E06000011,East Riding of Yorkshire,Unitary,334179,240767.65,2,,77E06000039,Slough,NA,140205,3253.61,,,E06000012,North East Lincolnshire,Unitary,159616,19184.49,1,,104E06000013,North Lincolnshire,NA,167446,84631.29,,,E06000056,Central Bedfordshire,Unitary,254381,71566.45,62,,451E06000048,Northumberland,NA,316028,501301.83,,,E07000004,Aylesbury Vale,NA,174137,90275.35,,,E06000014,York,Unitary,198051,27193.63,,,E06000016,Leicester,Unitary,329839,7331.48,25,,348E06000017,Rutland,Unitary,37369,38151.51,,,E06000033,Southend-on-Sea,Unitary,173658,4175.6,43,,58E06000018,Nottingham,NA,305680,7461.16,,,E06000019,"Herefordshire, County of",NA,183477,217973.24,,,E06000020,Telford and Wrekin,NA,166641,29031.32,,,E06000036,Bracknell Forest,Unitary,113205,10938.54,,29,E06000037,West Berkshire,NA,153822,70416.82,,,E06000021,Stoke-on-Trent,Unitary,249008,9345.02,48,,599E06000022,Bath and North East Somerset,NA,176016,34574.08,,,E06000023,"Bristol, City of",Unitary,428234,10960.76,,,E06000024,North Somerset,NA,202566,37378.6,,,E06000025,South Gloucestershire,NA,262767,49694.56,,,E06000026,Plymouth,NA,256384,7983.36,,,E06000027,Torbay,NA,130959,6287.4,,,E06000028,Bournemouth,NA,183491,4617.88,,,E06000038,Reading,Unitary,155698,4039.86,64,,525E06000029,Poole,Unitary,147645,6475.33,61,,509E06000030,Swindon,NA,209156,23010.36,,,E06000031,Peterborough,Unitary,183631,34337.82,13,,279E06000031,Peterborough,Unitary,183631,34337.82,,,E06000034,Thurrock,NA,157705,16337.6,,,E06000035,Medway,NA,263925,19203.31,,,E06000040,Windsor and Maidenhead,NA,144560,19650.96,,,E06000041,Wokingham,NA,154380,17897.92,,,E06000042,Milton Keynes,Unitary,248821,30862.53,,,10037E06000043,Brighton and Hove,NA,273369,8266.71,,,E07000008,Cambridge,District,123867,4069.94,16,,108E07000009,East Cambridgeshire,NA,83818,65128.21,,,E06000044,Portsmouth,NA,205056,4041.14,,,E07000062,Hastings,District,90254,2972.4,32.55971945,,80E07000063,Lewes,District,97502,29207.1,65.17448274,,22E06000045,Southampton,NA,236882,4988.93,,,E06000046,Isle of Wight,District,138265,38016.1,12,,527E06000047,County Durham,NA,513242,222606.26,,,E06000049,Cheshire East,Unitary,370127,116637.63,52,,731E06000050,Cheshire West and Chester,Unitary,329608,91665.6,36,,67E06000051,Shropshire,NA,306129,319730.32,,,E06000052,Cornwall,NA,532273,354618.74,,,E06000053,Isles of Scilly,Unitary,2203,1637.47,0,,0E06000054,Wiltshire,NA,470981,325534.12,,,E07000064,Rother,District,90588,50943.05,32.68021212,,30E07000065,Wealden,District,148915,83316.94,53.72205798,,231E06000055,Bedford,NA,157479,47641.2,,,E07000005,Chiltern,District,92635,19634.81,0,,E07000006,South Bucks,District,66867,14127.52,2,,E07000007,Wycombe,NA,171644,32457.21,,,E07000010,Fenland,District,95262,54644.96,,,E07000011,Huntingdonshire,District,169508,90618.31,32,,252E07000012,South Cambridgeshire,District,148755,90162.77,,,E07000026,Allerdale,District,96422,124158.29,,25,E07000027,Barrow-in-Furness,District,69087,7796.05,0,,38E07000028,Carlisle,District,107524,103929.92,2,,41E07000029,Copeland,NA,70603,73173.94,,,E07000030,Eden,District,52564,214235.65,1,,8E07000031,South Lakeland,District,103658,153362,0,,123E07000032,Amber Valley,District,122309,26538.48,5,,139E07000033,Bolsover,NA,75866,16033.04,,,E07000034,Chesterfield,NA,103788,6603.52,,,E07000035,Derbyshire Dales,District,71116,79245.21,0,,44E07000073,Harlow,District,81944,3053.75,3,,63E07000074,Maldon,NA,61629,35876.76,,,E07000075,Rochford,NA,83287,16949.84,,,E07000076,Tendring,District,138048,33764.12,48,,451E07000077,Uttlesford,NA,79443,64118.28,,,E07000036,Erewash,District,112081,10962.93,,1576,E07000037,High Peak,District,90892,53914.69,,,E07000038,North East Derbyshire,NA,99023,27560.03,,,E07000039,South Derbyshire,NA,94611,33812.06,,,E07000040,East Devon,NA,132457,81434.66,,,E07000041,Exeter,District,117773,4702.77,,,E07000042,Mid Devon,NA,77750,91293.48,,,E07000043,North Devon,District,93667,108605.1,34,,307E07000044,South Hams,NA,83140,88649.78,,,E07000045,Teignbridge,NA,124220,67387,,,E07000046,Torridge,District,63839,98385.32,60,,133E07000047,West Devon,District,53553,115963.56,1,,9E07000078,Cheltenham,District,115732,4661.37,32.58214395,,E07000079,Cotswold,District,82881,116451.96,23.33356956,,38E07000080,Forest of Dean,District,81961,52650.63,40.07456105,,331E07000048,Christchurch,NA,47752,5038.96,,,E07000049,East Dorset,NA,87166,35436.57,,,E07000050,North Dorset,District,68583,60921.76,15,,147E07000051,Purbeck,District,44973,40441.57,10,,73E07000052,West Dorset,District,99264,108147.42,,,E07000053,Weymouth and Portland,District,65167,4175.88,,,E07000061,Eastbourne,District,99412,4415.89,71.86352771,,E07000066,Basildon,District,174497,11002.46,,,E07000067,Braintree,District,147084,61170.84,25,,95E07000068,Brentwood,NA,73601,15311.75,,,E07000081,Gloucester,District,121688,4053.68,34.25894249,288,E07000082,Stroud,District,112779,46065.47,31.75078295,,16E07000083,Tewkesbury,NA,81943,41441.83,,,E07000084,Basingstoke and Deane,District,167799,63380.74,19.18459964,,0.299759369E07000069,Castle Point,District,88011,4506.86,6,,46E07000070,Chelmsford,NA,168310,33877.56,,,E07000071,Colchester,District,173074,32908.17,,248,E07000072,Epping Forest,NA,124659,33898.56,,,E07000085,East Hampshire,NA,115608,51444.15,,,E07000086,Eastleigh,District,125199,7977.76,14.3141061,,0.223657908E07000087,Fareham,District,111581,7423.27,29.7571488,,221.1993305E07000088,Gosport,NA,82622,2532.09,,,E07000092,Rushmoor,District,93807,3904.46,10.72503256,,0.167578634E07000093,Test Valley,District,116398,62757.99,14.30788043,,12.20793563E07000094,Winchester,District,116595,66097.46,15.33040361,,31.20828756E07000089,Hart,District,91033,21526.53,17.40787882,,60.16262311E07000090,Havant,District,120684,5536.97,13.79790239,,0.215592225E07000091,New Forest,District,176462,75313.48,20.17504765,73,0.31523512E07000096,Dacorum,District,144847,21247.56,0,,E07000098,Hertsmere,NA,100031,10116,,,E07000099,North Hertfordshire,District,127114,37537.51,21,,96E07000120,Hyndburn,District,80734,7299.32,5,,7E07000121,Lancaster,NA,138375,57585.64,,,E07000102,Three Rivers,District,87317,8881.34,,,E07000103,Watford,District,90301,2142.48,,,E07000105,Ashford,NA,117956,58061.67,,,E07000106,Canterbury,NA,151145,30885.19,,,E07000107,Dartford,District,97365,7276.85,,,E07000108,Dover,District,111674,31485.09,37,,210E07000226,Crawley,District,106597,4497.07,,,E07000227,Horsham,NA,131301,53027.07,,,E07000228,Mid Sussex,District,139860,33402.39,16,,30E07000109,Gravesham,NA,101720,9901.87,,,E07000110,Maidstone,District,155143,39333.34,,,E07000111,Sevenoaks,District,114893,36919.86,,,E07000112,Shepway,NA,107969,35670.31,,,E07000113,Swale,District,135835,37338.55,31,,72E07000229,Worthing,NA,104640,3248.21,,,E07000234,Bromsgrove,District,93637,21696.91,14.09685111,,E07000235,Malvern Hills,NA,74631,57707.13,,,E07000114,Thanet,District,134186,10333.53,12,,117E07000115,Tonbridge and Malling,District,120805,24013.56,3,,36E07000116,Tunbridge Wells,District,115049,33132.82,30,,273E07000135,Oadby and Wigston,District,56170,2352.33,6.463164437,,26E07000117,Burnley,NA,87059,11070.03,,,E07000118,Chorley,District,107155,20279.69,11,,14E07000136,Boston,District,64637,36153.77,26,,23E07000137,East Lindsey,District,136401,176025.58,43,,254E07000138,Lincoln,District,93541,3568.8,,,353E07000139,North Kesteven,NA,107766,92244.28,,,E07000140,South Holland,NA,88270,74238.31,,,E07000141,South Kesteven,NA,133788,94259.45,,,E07000142,West Lindsey,District,89250,115571.73,1,,25E07000143,Breckland,District,130491,130511.64,,25,E07000144,Broadland,District,124646,55239.88,5,,31E07000145,Great Yarmouth,NA,97277,17418.83,,,E07000146,King's Lynn and West Norfolk,District,147451,142879.4,24,,344E07000147,North Norfolk,NA,101499,96333.07,,,E07000119,Fylde,District,75757,16568.86,2,,31E07000122,Pendle,District,89452,16936.37,,,E07000101,Stevenage,NA,83957,2596.4,,,E08000001,Bolton,Unitary,276786,13980.34,,,E07000123,Preston,District,140202,14229.4,16,,29E07000124,Ribble Valley,District,57132,58316.11,7,,57E07000125,Rossendale,NA,67982,13804.82,,,E07000126,South Ribble,NA,109057,11295.57,,,E07000127,West Lancashire,District,110685,34678.96,,17,E07000128,Wyre,District,107749,28255.43,,,E07000129,Blaby,District,93915,13046.66,13.79033449,,78E07000130,Charnwood,District,166100,27905.68,10.24090463,,0E07000131,Harborough,District,85382,59177.75,20.2642319,,119E07000132,Hinckley and Bosworth,District,105078,29734.91,35.47858987,,225E07000133,Melton,NA,50376,48137.68,,,E07000134,North West Leicestershire,District,93468,27932.85,5.762774677,218,0E07000148,Norwich,NA,132512,3902.6,,,E07000149,South Norfolk,District,124012,90770.68,5,,17E07000154,Northampton,District,212069,8076.17,,174,E07000155,South Northamptonshire,District,85189,63401.85,4,,109E07000150,Corby,District,61255,8028.28,,,191E07000151,Daventry,District,77843,66259.01,,,E07000152,East Northamptonshire,District,86765,50978.8,6,,24E07000153,Kettering,District,93475,23349.24,,,30E07000156,Wellingborough,District,75356,16303.94,8,,55E07000163,Craven,District,55409,117738.81,15,185.9437593,58E07000164,Hambleton,District,89140,131116.95,0,299.139611,6E07000165,Harrogate,District,157869,130793.68,69,529.7831642,253E07000166,Richmondshire,NA,51965,131867.12,,,E07000167,Ryedale,NA,51751,150659.41,,,E07000168,Scarborough,District,108793,81654.13,10,365.0919419,300E07000169,Selby,District,83449,59931.19,,457.0415235,E07000170,Ashfield,District,119497,10955.69,,,E07000171,Bassetlaw,NA,112863,63787.08,,,E07000172,Broxtowe,District,109487,8009.84,0,,62E07000173,Gedling,District,113543,11997.63,6,,64E09000030,Tower Hamlets,NA,254096,1976.9,,,E07000174,Mansfield,District,104466,7671.65,,,E07000175,Newark and Sherwood,NA,114817,65131.85,,,E07000176,Rushcliffe,District,111129,40923.64,,,222E07000177,Cherwell,NA,141868,58876.86,,,E07000178,Oxford,District,151906,4559.58,51,,E07000179,South Oxfordshire,NA,134257,67853.37,,,E07000180,Vale of White Horse,NA,120988,57761.77,,,E07000181,West Oxfordshire,NA,104779,71439.93,,,E07000187,Mendip,District,109279,73943.51,39.33657605,,0.995862685E07000188,Sedgemoor,NA,114588,56436.28,,,E07000189,South Somerset,NA,161243,95904.23,,,E07000190,Taunton Deane,District,110187,46236.29,39.66342395,,1.004137315E07000191,West Somerset,NA,34675,72534.51,,,E07000192,Cannock Chase,District,97462,7888.09,,95,E07000193,East Staffordshire,District,113583,38696.29,35,,284E07000194,Lichfield,District,100654,33129.71,1,,13E07000195,Newcastle-under-Lyme,NA,123871,21095.75,,,E07000196,South Staffordshire,NA,108131,40731.52,,,E07000197,Stafford,District,130869,59817.26,1,,7E07000198,Staffordshire Moorlands,District,97106,57584.71,1,,23E07000199,Tamworth,District,76813,3084.62,23,,48E07000200,Babergh,District,87740,59377.66,,,E07000201,Forest Heath,NA,59748,37771.06,,,E07000202,Ipswich,NA,133384,3941.46,,,E07000203,Mid Suffolk,District,96731,87107.11,,,E07000204,St Edmundsbury,NA,111008,65696.41,,,E07000205,Suffolk Coastal,District,124298,89156.43,1,,7E07000206,Waveney,District,115254,36968.26,0,,18E07000212,Runnymede,District,80510,7804.32,1,,E07000207,Elmbridge,District,130875,9506.07,0,,0E07000208,Epsom and Ewell,District,75102,3407.29,,,29E07000209,Guildford,District,137183,27093.26,1,,6E07000210,Mole Valley,District,85375,25832.26,0,,6E07000224,Arun,District,149518,22070.82,,,E07000225,Chichester,District,113794,78623.08,0,,3E07000211,Reigate and Banstead,NA,137835,12913.41,,,E07000213,Spelthorne,NA,95598,4488.44,,,E07000214,Surrey Heath,District,86144,9509.28,,,E07000215,Tandridge,District,82998,24818.98,,,E07000216,Waverley,District,121572,34516.93,0,,174E07000217,Woking,District,99198,6359.57,,,E07000218,North Warwickshire,District,62014,28426.69,,16,E07000219,Nuneaton and Bedworth,NA,125252,7895.14,,,E07000220,Rugby,NA,100075,35111.41,,,E07000221,Stratford-on-Avon,NA,120485,97786.63,,,E07000222,Warwick,District,137648,28288.3,,38,E07000223,Adur,NA,61182,4180.71,,,E07000236,Redditch,District,84214,5424.98,21.67823851,,43E07000237,Worcester,District,98768,3327.91,14.86931224,34,121E07000238,Wychavon,District,116944,66354.12,80.60567037,,E07000239,Wyre Forest,District,97975,19540.66,14.74992778,,E07000100,St Albans,District,140664,16117.63,,,E09000031,Waltham Forest,NA,258249,3881.4,,,E07000104,Welwyn Hatfield,NA,110535,12955.42,,,E07000097,East Hertfordshire,NA,137687,47568.68,,,E08000002,Bury,Unitary,185060,9948.44,4,,125E09000032,Wandsworth,Unitary,306995,3426.29,18,,222E08000003,Manchester,NA,503127,11564.49,,,E08000004,Oldham,Unitary,224897,14236.49,,,E09000033,Westminster,Unitary,219396,2147.78,,,E08000005,Rochdale,NA,211699,15808.07,,,S12000024,Perth and Kinross,NA,146652,528558,,,S12000026,Scottish Borders,NA,113870,473174,,,S12000027,Shetland Islands,NA,23167,146665,,,S12000028,South Ayrshire,NA,112799,122198,,,S12000029,South Lanarkshire,NA,313830,177189,,,S12000030,Stirling,NA,90247,218697,,,S12000033,Aberdeen City,NA,222793,18571,,,S12000034,Aberdeenshire,NA,252973,631261,,,S12000035,Argyll and Bute,NA,88166,690947,,,E08000006,Salford,NA,233933,9719.02,,,E08000021,Newcastle upon Tyne,NA,280177,11343.86,,,E08000007,Stockport,Unitary,283275,12606.18,,,151E08000008,Tameside,Unitary,219324,10317.14,45,,E08000009,Trafford,NA,226578,10603.73,,,S12000042,Dundee City,NA,147268,5978,,,S12000044,North Lanarkshire,NA,337727,46991,,,E08000010,Wigan,Unitary,317849,18819.15,,,W06000009,Pembrokeshire,NA,122439,161873.87,23,,167E08000011,Knowsley,Unitary,145893,8646.93,22,,57E09000009,Ealing,Unitary,338449,5552.5,11,,340W06000010,Carmarthenshire,NA,183777,237035.46,58,,285E08000012,Liverpool,Unitary,466415,11184.35,,,E09000010,Enfield,Unitary,312466,8082.94,,,206W06000011,Swansea,NA,239023,37974.42,14,,815W06000012,Neath Port Talbot,NA,139812,44125.95,,,E08000013,St. Helens,Unitary,175308,13638.25,86,,50E08000014,Sefton,NA,273790,15313.61,,,E09000014,Haringey,Unitary,254926,2958.85,18,,338W06000018,Caerphilly,NA,178806,27745.02,,,E08000015,Wirral,Unitary,319783,15704.94,,,448E08000016,Barnsley,Unitary,231221,32905.31,9,,100E08000017,Doncaster,NA,302402,56799.22,,,E09000015,Harrow,NA,239056,5046.91,,,E08000018,Rotherham,NA,257280,28653.77,,,E08000019,Sheffield,Unitary,552698,36794.79,62,,599E08000022,North Tyneside,NA,200801,8239.1,,,E09000021,Kingston upon Thames,Unitary,160060,3724.69,,,E08000023,South Tyneside,NA,148127,6441.31,,,E08000026,Coventry,NA,316960,9864.42,,,E08000024,Sunderland,NA,275506,13746.17,,,E08000025,Birmingham,Unitary,1073045,26778.82,93,,1102E08000027,Dudley,NA,312925,9795.66,,,E09000001,City of London,Unitary,7375,289.78,0,,8E08000028,Sandwell,NA,308063,8556.73,,,E08000029,Solihull,Unitary,206674,17828.78,,,E09000022,Lambeth,Unitary,303086,2682.14,58,,642E08000030,Walsall,NA,269323,10395.49,,,E09000002,Barking and Dagenham,Unitary,185911,3609.04,,,E08000031,Wolverhampton,NA,249470,6943.95,,,E08000032,Bradford,Unitary,522452,36641.72,214,,1630E09000005,Brent,Unitary,311215,4323.52,,,E08000033,Calderdale,Unitary,203826,36392.21,30,,32E08000034,Kirklees,NA,422458,40859.65,,,E08000035,Leeds,Unitary,751485,55172.44,302,,2037E08000036,Wakefield,Unitary,325837,33861.24,,,E08000020,Gateshead,NA,200214,14234.74,,,E09000003,Barnet,Unitary,356386,8673.72,115,,E09000004,Bexley,Unitary,231997,6055.95,,,E09000006,Bromley,NA,309392,15015.45,,,E09000007,Camden,Unitary,220338,2179.6,,,E09000008,Croydon,Unitary,363378,8651.89,46,,407E09000011,Greenwich,NA,254557,4734.38,,,E09000012,Hackney,NA,246270,1906.35,,,E09000013,Hammersmith and Fulham,Unitary,182493,1640.4,64,,265E09000016,Havering,Unitary,237232,11236.35,,,E09000025,Newham,NA,307984,3622.36,,,E09000017,Hillingdon,Unitary,273936,11569.87,3,,277E09000018,Hounslow,NA,253957,5598.62,,,E09000019,Islington,NA,206125,1485.95,,,E09000020,Kensington and Chelsea,Unitary,158649,1212.95,1,,242E09000023,Lewisham,NA,275885,3514.54,,,E09000024,Merton,NA,199693,3760.87,,,E09000026,Redbridge,NA,278970,5641.14,,,E09000029,Sutton,NA,190146,4385.02,,,E09000027,Richmond upon Thames,Unitary,186990,5741.52,,,E09000028,Southwark,NA,288283,2885.41,,,S12000005,Clackmannanshire,NA,51442,15864,,,S12000006,Dumfries and Galloway,NA,151324,642620,,,S12000008,East Ayrshire,NA,122767,126212,,,S12000010,East Lothian,NA,99717,67918,,,S12000011,East Renfrewshire,NA,90574,17379,,,S12000013,Eilean Siar,NA,27684,305950,,,S12000014,Falkirk,NA,155990,29736,,,S12000015,Fife,NA,365198,132486,,,S12000017,Highland,NA,232132,2568389,,,S12000018,Inverclyde,NA,81485,16044,,,S12000019,Midlothian,NA,83187,35369,,,S12000020,Moray,NA,93295,223756,,,S12000021,North Ayrshire,NA,138146,88534,,,S12000023,Orkney Islands,NA,21349,98980,,,S12000036,City of Edinburgh,NA,476626,26333,,,S12000038,Renfrewshire,NA,174908,26194,,,S12000039,West Dunbartonshire,NA,90720,15876,,,S12000040,West Lothian,NA,175118,42749,,,S12000041,Angus,NA,115978,218179,,,S12000045,East Dunbartonshire,NA,105026,17449,,,S12000046,Glasgow City,NA,593245,17468,,,W06000001,Isle of Anglesey,NA,69751,71124.11,0,,66W06000002,Gwynedd,NA,121874,253493.94,10,,75W06000003,Conwy,NA,115228,112582.88,,,W06000004,Denbighshire,NA,93734,83674.27,,,W06000005,Flintshire,NA,152506,43753.91,,,W06000006,Wrexham,NA,134844,50377.45,10,,95W06000008,Ceredigion,NA,75922,178545.43,,,W06000013,Bridgend,NA,139178,25074.74,,,W06000014,Vale of Glamorgan,NA,126336,33095.28,,,W06000015,Cardiff,NA,346090,14038.2,403,,1614W06000016,Rhondda Cynon Taf,NA,234410,42412.97,32,,86W06000019,Blaenau Gwent,NA,69814,10876.16,12,,158W06000020,Torfaen,NA,91075,12564.08,28,,201W06000021,Monmouthshire,NA,91323,84914.94,,,W06000022,Newport,NA,145736,19051.6,,,W06000023,Powys,NA,132976,518037.01,22,,111W06000024,Merthyr Tydfil,NA,58802,11139.29,3,,31N92000002,Northern Ireland,NA,1814297,1415309.8,,,