"Country","ONS_CENSUS_2011","ONS_2014","Local.Authority","LA.type","LA_POPULATION","LA_AREA_HEC","COUNTY_NAME","COUNTY_POPULATION","LA_POPULATION_OVER_COUNTY_POPULATION","LA_16_17","LA_16_24","LA_18_24","SUM_COUNTY_16_17","SUM_COUNTY_16_24","SUM_COUNTY_18_24"
"England","E07000026","E07000026","Allerdale","District",96422,124158.29,"Cumbria",429255,0.224626387578479,NA,"25",NA,3,25,210
"England","E07000032","E07000032","Amber Valley","District",122309,26538.48,"Derbyshire",396398,0.308551001770947,"5",NA,"139",5,1576,183
"England","E07000224","E07000224","Arun","District",149518,22070.82,"West Sussex",509769,0.293305399112147,NA,NA,NA,16,0,33
"England","E07000170","E07000170","Ashfield","District",119497,10955.69,"Nottinghamshire",558122,0.214105518148362,NA,NA,NA,6,0,348
"England","E07000200","E07000200","Babergh","District",87740,59377.66,"Suffolk",424023,0.206922737681682,NA,NA,NA,1,0,25
"England",NA,NA,"Barking & Dagenham","Unitary",NA,NA,NA,NA,NA,NA,NA,NA,NA,NA,NA
"England","E09000003","E09000003","Barnet","Unitary",356386,8673.72,NA,NA,NA,"115",NA,NA,NA,NA,NA
"England","E08000016","E08000016","Barnsley","Unitary",231221,32905.31,NA,NA,NA,"9",NA,"100",NA,NA,NA
"England","E07000027","E07000027","Barrow-in-Furness","District",69087,7796.05,"Cumbria",429255,0.160946290666387,"0",NA,"38",3,25,210
"England","E07000066","E07000066","Basildon","District",174497,11002.46,"Essex",802658,0.217398942015155,NA,NA,NA,82,248,655
"England","E07000084","E07000084","Basingstoke and Deane","District",167799,63380.74,"Hampshire",1119558,0.149879684661268,NA,NA,NA,27,73,324
"England","E09000004","E09000004","Bexley","Unitary",231997,6055.95,NA,NA,NA,NA,NA,NA,NA,NA,NA
"England","E08000025","E08000025","Birmingham","Unitary",1073045,26778.82,NA,NA,NA,"93",NA,"1102",NA,NA,NA
"England","E07000129","E07000129","Blaby","District",93915,13046.66,"Leicestershire",600113,0.156495526675809,"8",NA,"78",55,218,448
"England",NA,NA,"Blackburn and Darwen","Unitary",NA,NA,NA,NA,NA,"65",NA,"363",NA,NA,NA
"England","E08000001","E08000001","Bolton","Unitary",276786,13980.34,NA,NA,NA,NA,NA,NA,NA,NA,NA
"England","E07000136","E07000136","Boston","District",64637,36153.77,"Lincolnshire",383829,0.168400511686194,"26",NA,"23",70,0,655
"England",NA,NA,"Bracknell Forrest","Unitary",NA,NA,NA,NA,NA,NA,"29",NA,NA,NA,NA
"England","E08000032","E08000032","Bradford","Unitary",522452,36641.72,NA,NA,NA,"214",NA,"1630",NA,NA,NA
"England","E07000067","E07000067","Braintree","District",147084,61170.84,"Essex",802658,0.183246164618057,"25",NA,"95",82,248,655
"England","E07000143","E07000143","Breckland","District",130491,130511.64,"Norfolk",379149,0.34416812387742,NA,"25",NA,10,25,48
"England","E09000005","E09000005","Brent","Unitary",311215,4323.52,NA,NA,NA,NA,NA,NA,NA,NA,NA
"England",NA,NA,"Bristol","Unitary",NA,NA,NA,NA,NA,NA,NA,NA,NA,NA,NA
"England","E07000144","E07000144","Broadland","District",124646,55239.88,"Norfolk",379149,0.328752020973285,"5",NA,"31",10,25,48
"England","E07000234","E07000234","Bromsgrove","District",93637,21696.91,"Worcestershire",392770,0.238401609084197,NA,NA,NA,72,0,43
"England","E07000172","E07000172","Broxtowe","District",109487,8009.84,"Nottinghamshire",558122,0.1961703713525,"0",NA,"62",6,0,348
"England","E08000002","E08000002","Bury","Unitary",185060,9948.44,NA,NA,NA,"4",NA,"125",NA,NA,NA
"England","E08000033","E08000033","Calderdale","Unitary",203826,36392.21,NA,NA,NA,"30",NA,"32",NA,NA,NA
"England","E07000008","E07000008","Cambridge","District",123867,4069.94,"Cambridgeshire",537392,0.230496546282788,"16",NA,"108",48,0,360
"England","E09000007","E09000007","Camden","Unitary",220338,2179.6,NA,NA,NA,NA,NA,NA,NA,NA,NA
"England","E07000192","E07000192","Cannock Chase","District",97462,7888.09,"Staffordshire",616487,0.158092546963683,NA,"95",NA,61,95,375
"England","E07000028","E07000028","Carlisle","District",107524,103929.92,"Cumbria",429255,0.250489802098985,"2",NA,"41",3,25,210
"England","E07000069","E07000069","Castle Point","District",88011,4506.86,"Essex",802658,0.109649439736476,"6",NA,"46",82,248,655
"England","E06000056","E06000056","Central Bedfordshire","Unitary",254381,71566.45,NA,NA,NA,"62",NA,"451",NA,NA,NA
"England","E07000130","E07000130","Charnwood","District",166100,27905.68,"Leicestershire",600113,0.276781206206165,NA,NA,NA,55,218,448
"England","E07000078","E07000078","Cheltenham","District",115732,4661.37,"Gloucestershire",515041,0.224704441005667,NA,NA,NA,17,288,385
"England","E06000049","E06000049","Cheshire East","Unitary",370127,116637.63,NA,NA,NA,"52",NA,"731",NA,NA,NA
"England","E06000050","E06000050","Cheshire West and Chester","Unitary",329608,91665.6,NA,NA,NA,"36",NA,"67",NA,NA,NA
"England","E07000225","E07000225","Chichester","District",113794,78623.08,"West Sussex",509769,0.22322659871432,"0",NA,"3",16,0,33
"England","E07000005","E07000005","Chiltern","District",92635,19634.81,"Buckinghamshire",159502,0.580776416596657,"0",NA,NA,2,0,0
"England","E07000118","E07000118","Chorley","District",107155,20279.69,"Lancashire",768866,0.139367588110282,"11",NA,"14",41,17,138
"England","E07000138","E07000138","Lincoln","District",93541,3568.8,"Lincolnshire",383829,0.243704878995594,NA,NA,"353",70,0,655
"England","E09000001","E09000001","City of London","Unitary",7375,289.78,NA,NA,NA,"0",NA,"8",NA,NA,NA
"England","E07000071","E07000071","Colchester","District",173074,32908.17,"Essex",802658,0.215626082341421,NA,"248",NA,82,248,655
"England","E07000150","E07000150","Corby","District",61255,8028.28,"Northamptonshire",691952,0.088524926584503,NA,NA,"191",18,174,409
"England","E07000079","E07000079","Cotswold","District",82881,116451.96,"Gloucestershire",515041,0.160921169382632,"0",NA,"38",17,288,385
"England","E07000163","E07000163","Craven","District",55409,117738.81,"North Yorkshire",494660,0.112014312861359,"15",NA,"58",94,177,617
"England","E07000226","E07000226","Crawley","District",106597,4497.07,"West Sussex",509769,0.209108439312708,NA,NA,NA,16,0,33
"England","E09000008","E09000008","Croydon","Unitary",363378,8651.89,NA,NA,NA,"46",NA,"407",NA,NA,NA
"England",NA,NA,"Cumbria","County",NA,NA,NA,NA,NA,NA,NA,NA,NA,NA,NA
"England","E07000096","E07000096","Dacorum","District",144847,21247.56,"Hertfordshire",590243,0.24540231735065,"0",NA,NA,21,0,96
"England","E07000107","E07000107","Dartford","District",97365,7276.85,"Kent",984950,0.0988527336413016,NA,NA,NA,113,0,708
"England","E07000151","E07000151","Daventry","District",77843,66259.01,"Northamptonshire",691952,0.112497687700881,NA,NA,NA,18,174,409
"England","E07000035","E07000035","Derbyshire Dales","District",71116,79245.21,"Derbyshire",396398,0.179405546950287,"0",NA,"44",5,1576,183
"England","E07000108","E07000108","Dover","District",111674,31485.09,"Kent",984950,0.113380374638307,"37",NA,"210",113,0,708
"England","E09000009","E09000009","Ealing","Unitary",338449,5552.5,NA,NA,NA,"11",NA,"340",NA,NA,NA
"England","E07000137","E07000137","East Lindsey","District",136401,176025.58,"Lincolnshire",383829,0.355369187841461,"43",NA,"254",70,0,655
"England","E07000152","E07000152","East Northamptonshire","District",86765,50978.8,"Northamptonshire",691952,0.125391645663283,"6",NA,"24",18,174,409
"England","E06000011","E06000011","East Riding of Yorkshire","Unitary",334179,240767.65,NA,NA,NA,"2",NA,"77",NA,NA,NA
"England","E07000193","E07000193","East Staffordshire","District",113583,38696.29,"Staffordshire",616487,0.184242327899858,"35",NA,"284",61,95,375
"England",NA,NA,"East Sussex","County",NA,NA,NA,NA,NA,NA,NA,NA,NA,NA,NA
"England","E07000061","E07000061","Eastbourne","District",99412,4415.89,"East Sussex",526671,0.188755408974483,"36",NA,NA,66,0,363
"England","E07000086","E07000086","Eastleigh","District",125199,7977.76,"Hampshire",1119558,0.11182895392646,NA,NA,NA,27,73,324
"England","E07000030","E07000030","Eden","District",52564,214235.65,"Cumbria",429255,0.122454019172753,"1",NA,"8",3,25,210
"England","E07000207","E07000207","Elmbridge","District",130875,9506.07,"Surrey",898957,0.145585383950512,"0",NA,"0",2,0,215
"England","E09000010","E09000010","Enfield","Unitary",312466,8082.94,NA,NA,NA,NA,NA,"206",NA,NA,NA
"England","E07000208","E07000208","Epsom and Ewell","District",75102,3407.29,"Surrey",898957,0.0835434842823405,NA,NA,"29",2,0,215
"England","E07000036","E07000036","Erewash","District",112081,10962.93,"Derbyshire",396398,0.282748651607728,NA,"1576",NA,5,1576,183
"England","E07000041","E07000041","Exeter","District",117773,4702.77,"Devon",328832,0.358155532308291,NA,NA,NA,95,0,449
"England","E07000087","E07000087","Fareham","District",111581,7423.27,"Hampshire",1119558,0.099665225026305,"17",NA,"221",27,73,324
"England","E07000010","E07000010","Fenland","District",95262,54644.96,"Cambridgeshire",537392,0.177267246255992,NA,NA,NA,48,0,360
"England","E07000080","E07000080","Forest of Dean","District",81961,52650.63,"Gloucestershire",515041,0.159134903823191,"17",NA,"331",17,288,385
"England","E07000119","E07000119","Fylde","District",75757,16568.86,"Lancashire",768866,0.0985308233164166,"2",NA,"31",41,17,138
"England","E07000173","E07000173","Gedling","District",113543,11997.63,"Nottinghamshire",558122,0.203437599664589,"6",NA,"64",6,0,348
"England","E07000081","E07000081","Gloucester","District",121688,4053.68,"Gloucestershire",515041,0.236268568910048,NA,"288",NA,17,288,385
"England",NA,NA,"Gloucestershire","County",NA,NA,NA,NA,NA,NA,NA,NA,NA,NA,NA
"England","E07000209","E07000209","Guildford","District",137183,27093.26,"Surrey",898957,0.152602404786881,"1",NA,"6",2,0,215
"England","E06000006","E06000006","Halton","Unitary",125746,7909.52,NA,NA,NA,NA,"18",NA,NA,NA,NA
"England","E07000164","E07000164","Hambleton","District",89140,131116.95,"North Yorkshire",494660,0.180204584967452,"0",NA,"6",94,177,617
"England",NA,NA,"Hammersmith & Fulham","Unitary",NA,NA,NA,NA,NA,"64",NA,"265",NA,NA,NA
"England",NA,NA,"Hampshire","County",NA,NA,NA,NA,NA,NA,NA,NA,NA,NA,NA
"England","E07000131","E07000131","Harborough","District",85382,59177.75,"Leicestershire",600113,0.142276537918692,"15",NA,"119",55,218,448
"England","E09000014","E09000014","Haringey","Unitary",254926,2958.85,NA,NA,NA,"18",NA,"338",NA,NA,NA
"England","E07000073","E07000073","Harlow","District",81944,3053.75,"Essex",802658,0.102090803306016,"3",NA,"63",82,248,655
"England","E07000165","E07000165","Harrogate","District",157869,130793.68,"North Yorkshire",494660,0.319146484453968,"69",NA,"253",94,177,617
"England","E07000089","E07000089","Hart","District",91033,21526.53,"Hampshire",1119558,0.081311553309431,"7",NA,"60",27,73,324
"England","E07000062","E07000062","Hastings","District",90254,2972.4,"East Sussex",526671,0.171366944449191,NA,NA,"80",66,0,363
"England","E07000090","E07000090","Havant","District",120684,5536.97,"Hampshire",1119558,0.107796112394356,NA,NA,NA,27,73,324
"England","E09000016","E09000016","Havering","Unitary",237232,11236.35,NA,NA,NA,NA,NA,NA,NA,NA,NA
"England",NA,NA,"Hertfordshire","County",NA,NA,NA,NA,NA,NA,NA,NA,NA,NA,NA
"England","E07000037","E07000037","High Peak","District",90892,53914.69,"Derbyshire",396398,0.229294799671038,NA,NA,NA,5,1576,183
"England","E09000017","E09000017","Hillingdon","Unitary",273936,11569.87,NA,NA,NA,"3",NA,"277",NA,NA,NA
"England","E07000132","E07000132","Hinckley and Bosworth","District",105078,29734.91,"Leicestershire",600113,0.175097023393927,"29",NA,"225",55,218,448
"England","E07000011","E07000011","Huntingdonshire","District",169508,90618.31,"Cambridgeshire",537392,0.315427099770745,"32",NA,"252",48,0,360
"England","E07000120","E07000120","Hyndburn","District",80734,7299.32,"Lancashire",768866,0.10500399289343,"5",NA,"7",41,17,138
"England","E06000046","E06000046","Isle of Wight","District",138265,38016.1,"Isle of Wight",138265,1,"12",NA,"527",12,0,527
"England",NA,NA,"Kensington & Chelsea","Unitary",NA,NA,NA,NA,NA,"1",NA,"242",NA,NA,NA
"England",NA,NA,"Kent","County",NA,NA,NA,NA,NA,NA,NA,NA,NA,NA,NA
"England","E07000153","E07000153","Kettering","District",93475,23349.24,"Northamptonshire",691952,0.135088850093648,NA,NA,"30",18,174,409
"England",NA,NA,"Kingston","Unitary",NA,NA,NA,NA,NA,NA,NA,NA,NA,NA,NA
"England","E08000011","E08000011","Knowsley","Unitary",145893,8646.93,NA,NA,NA,"22",NA,"57",NA,NA,NA
"England","E09000022","E09000022","Lambeth","Unitary",303086,2682.14,NA,NA,NA,"58",NA,"642",NA,NA,NA
"England","E08000035","E08000035","Leeds","Unitary",751485,55172.44,NA,NA,NA,"302",NA,"2037",NA,NA,NA
"England","E06000016","E06000016","Leicester","Unitary",329839,7331.48,NA,NA,NA,"25",NA,"348",NA,NA,NA
"England",NA,NA,"Leicestershire","County",NA,NA,NA,NA,NA,NA,NA,NA,NA,NA,NA
"England","E07000063","E07000063","Lewes","District",97502,29207.1,"East Sussex",526671,0.185128856534725,"30",NA,"22",66,0,363
"England","E07000194","E07000194","Lichfield","District",100654,33129.71,"Staffordshire",616487,0.163270271717003,"1",NA,"13",61,95,375
"England",NA,NA,"Liverpool City","Unitary",NA,NA,NA,NA,NA,NA,NA,NA,NA,NA,NA
"England","E07000110","E07000110","Maidstone","District",155143,39333.34,"Kent",984950,0.157513579369511,NA,NA,NA,113,0,708
"England","E07000174","E07000174","Mansfield","District",104466,7671.65,"Nottinghamshire",558122,0.187174130387263,NA,NA,NA,6,0,348
"England","E07000187","E07000187","Mendip","District",109279,73943.51,"Somerset",219466,0.497931342440287,NA,NA,NA,0,0,0
"England","E07000203","E07000203","Mid Suffolk","District",96731,87107.11,"Suffolk",424023,0.22812677614186,NA,NA,NA,1,0,25
"England","E07000228","E07000228","Mid Sussex","District",139860,33402.39,"West Sussex",509769,0.274359562860825,"16",NA,"30",16,0,33
"England","E06000042","E06000042","Milton Keynes","Unitary",248821,30862.53,NA,NA,NA,NA,NA,"10037",NA,NA,NA
"England","E07000210","E07000210","Mole Valley","District",85375,25832.26,"Surrey",898957,0.0949711721472773,"0",NA,"6",2,0,215
"England","E07000091","E07000091","New Forest","District",176462,75313.48,"Hampshire",1119558,0.157617559786987,NA,"73",NA,27,73,324
"England","E07000043","E07000043","North Devon","District",93667,108605.1,"Devon",328832,0.284847581743869,"34",NA,"307",95,0,449
"England","E07000050","E07000050","North Dorset","District",68583,60921.76,"Dorset",277987,0.246712975786638,"15",NA,"147",25,0,220
"England","E06000012","E06000012","North East Lincolnshire","Unitary",159616,19184.49,NA,NA,NA,"1",NA,"104",NA,NA,NA
"England",NA,NA,"North Hamptonshire","County",NA,NA,NA,NA,NA,NA,NA,NA,NA,NA,NA
"England","E07000099","E07000099","North Hertfordshire","District",127114,37537.51,"Hertfordshire",590243,0.21535875901959,"21",NA,"96",21,0,96
"England","E07000218","E07000218","North Warwickshire","District",62014,28426.69,"Warwickshire",199662,0.310594905390109,NA,"16",NA,0,54,0
"England","E07000134","E07000134","North West Leicestershire","District",93468,27932.85,"Leicestershire",600113,0.155750666957723,NA,"218",NA,55,218,448
"England",NA,NA,"North Yorkshire","County",NA,NA,NA,NA,NA,NA,NA,NA,NA,NA,NA
"England","E07000154","E07000154","Northampton","District",212069,8076.17,"Northamptonshire",691952,0.306479351168867,NA,"174",NA,18,174,409
"England","E07000135","E07000135","Oadby and Wigston","District",56170,2352.33,"Leicestershire",600113,0.0935990388476837,"3",NA,"26",55,218,448
"England","E08000004","E08000004","Oldham","Unitary",224897,14236.49,NA,NA,NA,NA,NA,NA,NA,NA,NA
"England","E07000178","E07000178","Oxford","District",151906,4559.58,"Oxfordshire",151906,1,NA,NA,NA,0,0,0
"England",NA,NA,"Oxfordshire","County",NA,NA,NA,NA,NA,NA,NA,NA,NA,NA,NA
"England",NA,NA,"Oxfordshire","County",NA,NA,NA,NA,NA,NA,NA,NA,NA,NA,NA
"England","E07000122","E07000122","Pendle","District",89452,16936.37,"Lancashire",768866,0.116342769741411,NA,NA,NA,41,17,138
"England","E06000031","E06000031","Peterborough","Unitary",183631,34337.82,NA,NA,NA,"13",NA,"279",NA,NA,NA
"England","E06000031","E06000031","Peterborough","Unitary",183631,34337.82,NA,NA,NA,NA,NA,NA,NA,NA,NA
"England","E06000029","E06000029","Poole","Unitary",147645,6475.33,NA,NA,NA,"61",NA,"509",NA,NA,NA
"England","E07000123","E07000123","Preston","District",140202,14229.4,"Lancashire",768866,0.18234906992896,"16",NA,"29",41,17,138
"England","E07000051","E07000051","Purbeck","District",44973,40441.57,"Dorset",277987,0.161780946591028,"10",NA,"73",25,0,220
"England","E06000038","E06000038","Reading","Unitary",155698,4039.86,NA,NA,NA,"64",NA,"525",NA,NA,NA
"England","E07000236","E07000236","Redditch","District",84214,5424.98,"Worcestershire",392770,0.214410469231357,"9",NA,"43",72,0,43
"England","E07000124","E07000124","Ribble Valley","District",57132,58316.11,"Lancashire",768866,0.0743068363017743,"7",NA,"57",41,17,138
"England",NA,NA,"Richmond","Unitary",NA,NA,NA,NA,NA,NA,NA,NA,NA,NA,NA
"England","E07000064","E07000064","Rother","District",90588,50943.05,"East Sussex",526671,0.17200111644651,NA,NA,"30",66,0,363
"England","E07000212","E07000212","Runnymede","District",80510,7804.32,"Surrey",898957,0.0895593448852392,"1",NA,NA,2,0,215
"England","E07000176","E07000176","Rushcliffe","District",111129,40923.64,"Nottinghamshire",558122,0.199112380447286,NA,NA,"222",6,0,348
"England","E07000092","E07000092","Rushmoor","District",93807,3904.46,"Hampshire",1119558,0.0837893168554019,NA,NA,NA,27,73,324
"England","E06000017","E06000017","Rutland","Unitary",37369,38151.51,NA,NA,NA,"<5",NA,"<5",NA,NA,NA
"England","E07000168","E07000168","Scarborough","District",108793,81654.13,"North Yorkshire",494660,0.219934904783083,"10",NA,"300",94,177,617
"England",NA,NA,"Scilly","Unitary",NA,NA,NA,NA,NA,"0",NA,"0",NA,NA,NA
"England","E07000169","E07000169","Selby","District",83449,59931.19,"North Yorkshire",494660,0.168699712934137,NA,"177",NA,94,177,617
"England","E07000111","E07000111","Sevenoaks","District",114893,36919.86,"Kent",984950,0.116648560840652,NA,NA,NA,113,0,708
"England","E08000019","E08000019","Sheffield","Unitary",552698,36794.79,NA,NA,NA,"62",NA,"599",NA,NA,NA
"England","E08000029","E08000029","Solihull","Unitary",206674,17828.78,NA,NA,NA,NA,NA,NA,NA,NA,NA
"England",NA,NA,"Somerset","County",NA,NA,NA,NA,NA,NA,NA,NA,NA,NA,NA
"England","E07000006","E07000006","South Bucks","District",66867,14127.52,"Buckinghamshire",159502,0.419223583403343,"2",NA,NA,2,0,0
"England","E07000012","E07000012","South Cambridgeshire","District",148755,90162.77,"Cambridgeshire",537392,0.276809107690476,NA,NA,NA,48,0,360
"England",NA,NA,"South Hampshire","District",NA,NA,NA,NA,NA,"0",NA,"2",NA,NA,NA
"England","E07000031","E07000031","South Lakeland","District",103658,153362,"Cumbria",429255,0.241483500483396,"0",NA,"123",3,25,210
"England","E07000149","E07000149","South Norfolk","District",124012,90770.68,"Norfolk",379149,0.327079855149295,"5",NA,"17",10,25,48
"England","E07000155","E07000155","South Northamptonshire","District",85189,63401.85,"Northamptonshire",691952,0.123114031031054,"4",NA,"109",18,174,409
"England","E06000033","E06000033","Southend-on-Sea","Unitary",173658,4175.6,NA,NA,NA,"43",NA,"58",NA,NA,NA
"England","E07000100","E07000240","St Albans","District",140664,16117.63,"Hertfordshire",590243,0.238315405688843,NA,NA,NA,21,0,96
"England",NA,NA,"St Helens","Unitary",NA,NA,NA,NA,NA,"86",NA,"50",NA,NA,NA
"England","E07000197","E07000197","Stafford","District",130869,59817.26,"Staffordshire",616487,0.212281848603458,"1",NA,"7",61,95,375
"England","E07000198","E07000198","Staffordshire Moorlands","District",97106,57584.71,"Staffordshire",616487,0.157515081421019,"1",NA,"23",61,95,375
"England","E08000007","E08000007","Stockport","Unitary",283275,12606.18,NA,NA,NA,"<10",NA,"151",NA,NA,NA
"England",NA,NA,"Stoke-on-Trent City","Unitary",NA,NA,NA,NA,NA,"48",NA,"599",NA,NA,NA
"England","E07000082","E07000082","Stroud","District",112779,46065.47,"Gloucestershire",515041,0.218970916878462,"0",NA,"16",17,288,385
"England","E07000205","E07000205","Suffolk Coastal","District",124298,89156.43,"Suffolk",424023,0.293139758928171,"1",NA,"7",1,0,25
"England","E07000214","E07000214","Surrey Heath","District",86144,9509.28,"Surrey",898957,0.095826607946765,NA,NA,NA,2,0,215
"England","E07000113","E07000113","Swale","District",135835,37338.55,"Kent",984950,0.13791055383522,"31",NA,"72",113,0,708
"England","E08000008","E08000008","Tameside","Unitary",219324,10317.14,NA,NA,NA,"45",NA,NA,NA,NA,NA
"England","E07000199","E07000199","Tamworth","District",76813,3084.62,"Staffordshire",616487,0.124597923394978,"23",NA,"48",61,95,375
"England","E07000215","E07000215","Tandridge","District",82998,24818.98,"Surrey",898957,0.0923269967306556,NA,NA,NA,2,0,215
"England","E07000190","E07000190","Taunton Deane","District",110187,46236.29,"Somerset",219466,0.502068657559713,NA,NA,NA,0,0,0
"England","E07000076","E07000076","Tendring","District",138048,33764.12,"Essex",802658,0.171988567982877,"48",NA,"451",82,248,655
"England","E07000093","E07000093","Test Valley","District",116398,62757.99,"Hampshire",1119558,0.103967815870192,"1",NA,"12",27,73,324
"England","E07000114","E07000114","Thanet","District",134186,10333.53,"Kent",984950,0.136236357175491,"12",NA,"117",113,0,708
"England","E07000102","E07000102","Three Rivers","District",87317,8881.34,"Hertfordshire",590243,0.147933986510641,NA,NA,NA,21,0,96
"England","E07000115","E07000115","Tonbridge and Malling","District",120805,24013.56,"Kent",984950,0.122650895984568,"3",NA,"36",113,0,708
"England","E07000046","E07000046","Torridge","District",63839,98385.32,"Devon",328832,0.194138648306734,"60",NA,"133",95,0,449
"England","E07000116","E07000116","Tunbridge Wells","District",115049,33132.82,"Kent",984950,0.11680694451495,"30",NA,"273",113,0,708
"England","E08000036","E08000036","Wakefield","Unitary",325837,33861.24,NA,NA,NA,NA,NA,NA,NA,NA,NA
"England","E09000032","E09000032","Wandsworth","Unitary",306995,3426.29,NA,NA,NA,"18",NA,"222",NA,NA,NA
"England","E06000007","E06000007","Warrington","Unitary",202228,18065.39,NA,NA,NA,"44",NA,"65",NA,NA,NA
"England","E07000222","E07000222","Warwick","District",137648,28288.3,"Warwickshire",199662,0.689405094609891,NA,"38",NA,0,54,0
"England","E07000103","E07000103","Watford","District",90301,2142.48,"Hertfordshire",590243,0.152989531430275,NA,NA,NA,21,0,96
"England","E07000206","E07000206","Waveney","District",115254,36968.26,"Suffolk",424023,0.271810727248286,"0",NA,"18",1,0,25
"England","E07000216","E07000216","Waverley","District",121572,34516.93,"Surrey",898957,0.135236724337204,"0",NA,"174",2,0,215
"England","E07000065","E07000065","Wealden","District",148915,83316.94,"East Sussex",526671,0.282747673595091,NA,NA,"231",66,0,363
"England","E07000156","E07000156","Wellingborough","District",75356,16303.94,"Northamptonshire",691952,0.108903507757764,"8",NA,"55",18,174,409
"England","E07000047","E07000047","West Devon","District",53553,115963.56,"Devon",328832,0.162858237641105,"1",NA,"9",95,0,449
"England","E07000052","E07000052","West Dorset","District",99264,108147.42,"Dorset",277987,0.357081446254681,NA,NA,NA,25,0,220
"England","E07000127","E07000127","West Lancashire","District",110685,34678.96,"Lancashire",768866,0.14395876524648,NA,"17",NA,41,17,138
"England","E07000142","E07000142","West Lindsey","District",89250,115571.73,"Lincolnshire",383829,0.232525421476751,"1",NA,"25",70,0,655
"England",NA,NA,"West Norfolk","District",NA,NA,NA,NA,NA,"24",NA,"344",NA,NA,NA
"England",NA,NA,"West Sussex","County",NA,NA,NA,NA,NA,NA,NA,NA,NA,NA,NA
"England",NA,NA,"West Sussex","County",NA,NA,NA,NA,NA,NA,NA,NA,NA,NA,NA
"England","E09000033","E09000033","Westminster","Unitary",219396,2147.78,NA,NA,NA,NA,NA,NA,NA,NA,NA
"England","E07000053","E07000053","Weymouth and Portland","District",65167,4175.88,"Dorset",277987,0.234424631367654,NA,NA,NA,25,0,220
"England","E08000010","E08000010","Wigan","Unitary",317849,18819.15,NA,NA,NA,NA,NA,NA,NA,NA,NA
"England","E07000094","E07000094","Winchester","District",116595,66097.46,"Hampshire",1119558,0.104143778169599,"2",NA,"31",27,73,324
"England","E08000015","E08000015","Wirral","Unitary",319783,15704.94,NA,NA,NA,NA,NA,"448",NA,NA,NA
"England","E07000217","E07000217","Woking","District",99198,6359.57,"Surrey",898957,0.110347880933126,NA,NA,NA,2,0,215
"England",NA,NA,"Worcester City","District",NA,NA,NA,NA,NA,NA,"34","121",NA,NA,NA
"England",NA,NA,"Worcestershire","County",NA,NA,NA,NA,NA,NA,NA,NA,NA,NA,NA
"England","E07000238","E07000238","Wychavon","District",116944,66354.12,"Worcestershire",392770,0.297741680881941,"63",NA,NA,72,0,43
"England","E07000128","E07000128","Wyre","District",107749,28255.43,"Lancashire",768866,0.140140154461246,NA,NA,NA,41,17,138
"England","E07000239","E07000239","Wyre Forest","District",97975,19540.66,"Worcestershire",392770,0.249446240802505,NA,NA,NA,72,0,43
"England","E06000014","E06000014","York","Unitary",198051,27193.63,NA,NA,NA,NA,NA,NA,NA,NA,NA
"Northern Ireland",NA,NA,NA,NA,NA,NA,NA,NA,NA,NA,NA,NA,NA,NA,NA
"Scotland","S12000033","S12000033","Aberdeen City",NA,222793,18571,NA,NA,NA,NA,NA,NA,NA,NA,NA
"Scotland","S12000034","S12000034","Aberdeenshire",NA,252973,631261,NA,NA,NA,NA,NA,NA,NA,NA,NA
"Scotland","S12000041","S12000041","Angus",NA,115978,218179,NA,NA,NA,NA,NA,NA,NA,NA,NA
"Scotland",NA,NA,"Argyll & Bute",NA,NA,NA,NA,NA,NA,NA,NA,NA,NA,NA,NA
"Scotland","S12000005","S12000005","Clackmannanshire",NA,51442,15864,NA,NA,NA,NA,NA,NA,NA,NA,NA
"Scotland",NA,NA,"Dumfries & Galloway",NA,NA,NA,NA,NA,NA,NA,NA,NA,NA,NA,NA
"Scotland","S12000042","S12000042","Dundee City",NA,147268,5978,NA,NA,NA,NA,NA,NA,NA,NA,NA
"Scotland","S12000008","S12000008","East Ayrshire",NA,122767,126212,NA,NA,NA,NA,NA,NA,NA,NA,NA
"Scotland","S12000045","S12000045","East Dunbartonshire",NA,105026,17449,NA,NA,NA,NA,NA,NA,NA,NA,NA
"Scotland","S12000010","S12000010","East Lothian",NA,99717,67918,NA,NA,NA,NA,NA,NA,NA,NA,NA
"Scotland","S12000011","S12000011","East Renfrewshire",NA,90574,17379,NA,NA,NA,NA,NA,NA,NA,NA,NA
"Scotland",NA,NA,"Edinburgh",NA,NA,NA,NA,NA,NA,NA,NA,NA,NA,NA,NA
"Scotland","S12000013","S12000013","Eilean Siar",NA,27684,305950,NA,NA,NA,NA,NA,NA,NA,NA,NA
"Scotland","S12000014","S12000014","Falkirk",NA,155990,29736,NA,NA,NA,NA,NA,NA,NA,NA,NA
"Scotland","S12000015","S12000015","Fife",NA,365198,132486,NA,NA,NA,NA,NA,NA,NA,NA,NA
"Scotland","S12000046","S12000046","Glasgow City",NA,593245,17468,NA,NA,NA,NA,NA,NA,NA,NA,NA
"Scotland","S12000017","S12000017","Highland",NA,232132,2568389,NA,NA,NA,NA,NA,NA,NA,NA,NA
"Scotland","S12000018","S12000018","Inverclyde",NA,81485,16044,NA,NA,NA,NA,NA,NA,NA,NA,NA
"Scotland","S12000019","S12000019","Midlothian",NA,83187,35369,NA,NA,NA,NA,NA,NA,NA,NA,NA
"Scotland","S12000020","S12000020","Moray",NA,93295,223756,NA,NA,NA,NA,NA,NA,NA,NA,NA
"Scotland","S12000021","S12000021","North Ayrshire",NA,138146,88534,NA,NA,NA,NA,NA,NA,NA,NA,NA
"Scotland","S12000044","S12000044","North Lanarkshire",NA,337727,46991,NA,NA,NA,NA,NA,NA,NA,NA,NA
"Scotland",NA,NA,"Orkney",NA,NA,NA,NA,NA,NA,NA,NA,NA,NA,NA,NA
"Scotland",NA,NA,"Perth & Kinross",NA,NA,NA,NA,NA,NA,NA,NA,NA,NA,NA,NA
"Scotland","S12000038","S12000038","Renfrewshire",NA,174908,26194,NA,NA,NA,NA,NA,NA,NA,NA,NA
"Scotland","S12000026","S12000026","Scottish Borders",NA,113870,473174,NA,NA,NA,NA,NA,NA,NA,NA,NA
"Scotland",NA,NA,"Shetland",NA,NA,NA,NA,NA,NA,NA,NA,NA,NA,NA,NA
"Scotland",NA,NA,"South Aryshire",NA,NA,NA,NA,NA,NA,NA,NA,NA,NA,NA,NA
"Scotland","S12000029","S12000029","South Lanarkshire",NA,313830,177189,NA,NA,NA,NA,NA,NA,NA,NA,NA
"Scotland","S12000030","S12000030","Stirling",NA,90247,218697,NA,NA,NA,NA,NA,NA,NA,NA,NA
"Scotland","S12000039","S12000039","West Dunbartonshire",NA,90720,15876,NA,NA,NA,NA,NA,NA,NA,NA,NA
"Scotland","S12000040","S12000040","West Lothian",NA,175118,42749,NA,NA,NA,NA,NA,NA,NA,NA,NA
"Wales",NA,NA,"Anglesey",NA,NA,NA,NA,NA,NA,"0",NA,"66",NA,NA,NA
"Wales",NA,NA,"Bleanau Gwent",NA,NA,NA,NA,NA,NA,"12",NA,"158",NA,NA,NA
"Wales",NA,NA,"Brigend",NA,NA,NA,NA,NA,NA,NA,NA,NA,NA,NA,NA
"Wales","W06000018","W06000018","Caerphilly",NA,178806,27745.02,NA,NA,NA,NA,NA,NA,NA,NA,NA
"Wales","W06000015","W06000015","Cardiff",NA,346090,14038.2,NA,NA,NA,"403",NA,"1614",NA,NA,NA
"Wales","W06000010","W06000010","Carmarthenshire",NA,183777,237035.46,NA,NA,NA,"58",NA,"285",NA,NA,NA
"Wales","W06000008","W06000008","Ceredigion",NA,75922,178545.43,NA,NA,NA,NA,NA,NA,NA,NA,NA
"Wales","W06000003","W06000003","Conwy",NA,115228,112582.88,NA,NA,NA,NA,NA,NA,NA,NA,NA
"Wales","W06000004","W06000004","Denbighshire",NA,93734,83674.27,NA,NA,NA,NA,NA,NA,NA,NA,NA
"Wales","W06000005","W06000005","Flintshire",NA,152506,43753.91,NA,NA,NA,NA,NA,NA,NA,NA,NA
"Wales","W06000002","W06000002","Gwynedd",NA,121874,253493.94,NA,NA,NA,"10",NA,"75",NA,NA,NA
"Wales",NA,NA,"Merthyr",NA,NA,NA,NA,NA,NA,"3",NA,"31",NA,NA,NA
"Wales","W06000021","W06000021","Monmouthshire",NA,91323,84914.94,NA,NA,NA,NA,NA,NA,NA,NA,NA
"Wales",NA,NA,"Neath",NA,NA,NA,NA,NA,NA,NA,NA,NA,NA,NA,NA
"Wales","W06000022","W06000022","Newport",NA,145736,19051.6,NA,NA,NA,NA,NA,NA,NA,NA,NA
"Wales",NA,NA,"Pemrbokeshire",NA,NA,NA,NA,NA,NA,"23",NA,"167",NA,NA,NA
"Wales","W06000023","W06000023","Powys",NA,132976,518037.01,NA,NA,NA,"22",NA,"111",NA,NA,NA
"Wales","W06000016","W06000016","Rhondda Cynon Taf",NA,234410,42412.97,NA,NA,NA,"32",NA,"86",NA,NA,NA
"Wales","W06000011","W06000011","Swansea",NA,239023,37974.42,NA,NA,NA,"14",NA,"815",NA,NA,NA
"Wales","W06000020","W06000020","Torfaen",NA,91075,12564.08,NA,NA,NA,"28",NA,"201",NA,NA,NA
"Wales","W06000014","W06000014","Vale of Glamorgan",NA,126336,33095.28,NA,NA,NA,NA,NA,NA,NA,NA,NA
"Wales","W06000006","W06000006","Wrexham",NA,134844,50377.45,NA,NA,NA,"10",NA,"95",NA,NA,NA
